timestamp,browser_pid,browser_responding,browser_cpu_ms,gpu_pid,gpu_cpu_ms,gpu_ws_mb,viddec_pct,vidproc_pct,render3d_pct,overlay_pct,copy_pct,top_renderer_pid,top_renderer_cpu_ms
16:25:55.688,27464,True,0,28904,0,425,0,0,0.3,0,0.3,,0
16:26:00.101,27464,True,0,28904,0,425,0,0,0.1,0,0,,0
16:26:03.924,27464,True,0,28904,0,425,0,0,0.1,0,0,,0
16:26:07.688,27464,True,0,28904,0,425,0,0,0.2,0,0,,0
16:26:11.409,27464,True,0,28904,0,425,0,0,0.1,0,0,,0
16:26:15.147,27464,True,0,28904,0,425,0,0,0.5,0,0,,0
16:26:18.921,27464,True,0,28904,0,426,0,0,0.2,0,0,,0
16:26:22.668,27464,True,0,28904,0,425,0,0,0.1,0,0,,0
16:26:26.443,27464,True,0,28904,0,425,0,0,0.1,0,0,,0
16:26:30.206,27464,True,0,28904,0,425,0,0,0.1,0,0,,0
16:26:33.939,27464,True,0,28904,0,425,0,0,0.2,0,0,,0
16:26:37.689,27464,True,0,28904,0,425,0,0,0.1,0,0,9528,16
16:26:41.445,27464,True,0,28904,0,425,0,0,0.1,0,0,,0
16:26:45.181,27464,True,0,28904,0,425,0,0,0.1,0,0,,0
16:26:48.906,27464,True,0,28904,0,425,0,0,0.1,0,0,,0
16:26:52.652,27464,True,0,28904,0,425,0,0,0.1,0,0,,0
16:26:56.389,27464,True,0,28904,0,425,0,0,0.2,0,0,,0
16:27:00.174,27464,True,0,28904,0,425,0,0,0.1,0,0,,0
16:27:03.945,27464,True,0,28904,0,425,0,0,0.1,0,0,,0
16:27:07.725,27464,True,0,28904,0,425,0,0,0.1,0,0,,0
16:27:11.464,27464,True,0,28904,0,425,0,0,0.2,0,0,29828,31
16:27:15.246,27464,True,0,28904,0,425,0,0,0.1,0,0,,0
16:27:19.043,27464,True,0,28904,0,425,0,0,0.1,0,0,,0
16:27:22.810,27464,True,0,28904,0,425,0,0,0.1,0,0,,0
16:27:26.595,27464,True,0,28904,0,425,0,0,0.1,0,0,,0
16:27:30.365,27464,True,0,28904,0,425,0,0,0.2,0,0,22144,16
16:27:34.131,27464,True,0,28904,0,425,0,0,0.2,0,0,,0
16:27:37.889,27464,True,0,28904,0,425,0,0,0.1,0,0,,0
16:27:41.636,27464,True,0,28904,0,425,0,0,0.5,0,0,,0
16:27:45.404,27464,True,0,28904,0,425,0,0,0.2,0,0,9528,16
16:27:49.168,27464,True,0,28904,0,425,0,0,0.2,0,0,,0
16:27:53.080,27464,True,0,28904,0,425,0,0,0.2,0,0.1,,0
16:27:56.910,27464,True,0,28904,0,425,0,0,0.3,0,0.2,,0
16:28:00.869,27464,True,0,28904,0,425,0,0,0.1,0,0,,0
16:28:04.676,27464,True,0,28904,0,425,0,0,0.2,0,0,22144,31
16:28:08.428,27464,True,0,28904,0,425,0,0,0.2,0,0,,0
16:28:12.176,27464,True,0,28904,0,425,0,0,0.2,0,0,,0
16:28:15.967,27464,True,0,28904,0,425,0,0,5.4,0,0,,0
16:28:19.857,27464,True,0,28904,0,447,6.9,0.6,27.6,0,0.5,2940,94
16:28:24.478,27464,True,0,28904,0,930,3.5,5.2,67,0,0,2940,2953
16:28:30.272,27464,True,0,28904,0,968,3,5.1,30.9,0,0.2,6356,3906
16:28:35.394,27464,True,0,28904,0,886,0.1,0,0.5,0,0,6356,1703
16:28:40.752,27464,True,0,28904,0,786,3.3,5,18.2,0,0.1,6356,953
16:28:45.321,27464,True,0,28904,0,785,3.2,4.9,20.1,0,0.1,6356,203
16:28:50.036,27464,True,0,28904,0,772,2.8,5.2,30.7,0,0.1,6356,672
16:28:54.348,27464,True,0,28904,0,756,3.4,4.9,20.6,0,0.1,6356,562
16:28:58.837,27464,True,0,28904,0,789,3.5,5.1,27.3,0,0.1,17084,531
16:29:03.258,27464,True,0,28904,0,783,3,5.1,57.6,0,0.1,29568,469
16:29:07.861,27464,True,0,28904,0,801,3.5,5.1,26.8,0,0.1,6356,797
16:29:12.090,27464,True,0,28904,0,789,3.1,5,25.3,0,0.1,6356,1125
16:29:16.368,27464,True,0,28904,0,768,3.1,4.9,25.9,0,0.1,6356,1438
16:29:20.666,27464,True,0,28904,0,757,3.1,5.1,28.7,0,0.1,6356,1469
16:29:24.920,27464,True,0,28904,0,757,3.4,5.1,29,0,0.1,6356,1203
16:29:29.219,27464,True,0,28904,0,740,3.6,5.1,30.4,0,0.1,6356,1469
16:29:33.549,27464,True,0,28904,0,740,3.4,5,30.8,0,0.1,6356,1141
16:29:37.941,27464,True,0,28904,0,750,3.4,5.2,37.2,0,0.1,6356,1391
16:29:42.560,27464,True,0,28904,0,804,3.6,5.2,29.5,0,0,6356,1578
16:29:47.650,27464,True,0,28904,0,886,3.5,5,31.2,0,0.1,3136,3312
16:29:52.701,27464,True,0,28904,0,864,4.1,1.4,5.1,0,0.7,3136,2031
