timestamp,responding,browser_cpu,gpu_cpu,dwm_cpu,renderer_cpu_sum,viddec,vidproc,eng3d,overlay,copy,gpu_ws_mb
16:32:33.603,True,0,0,0,0,3.3,5,25.9,0,0,553
16:32:34.854,True,78,812,547,469,3.3,5.3,6.4,0,0,549
16:32:35.898,True,31,578,531,484,3,5.1,8.6,0,0,549
16:32:36.926,True,172,453,703,609,3.6,5.1,7.2,0,0,549
16:32:37.969,True,16,344,531,921,3.2,5.1,7.1,0,0,549
16:32:38.997,True,109,375,688,578,3.3,5.2,8.1,0,0,549
16:32:40.026,True,109,328,594,516,3.6,5,5.9,0,0,548
16:32:41.053,True,31,391,375,453,3.8,4.9,6,0,0,548
16:32:42.079,True,47,375,359,281,3.2,5,5.9,0,0,549
16:32:43.106,True,31,328,375,250,3.1,5,6,0,0,549
16:32:44.137,True,94,406,609,297,3.3,5,6,0,0,548
16:32:45.163,True,31,297,391,438,3.3,5,5.8,0,0,548
16:32:46.192,True,47,391,594,281,3.4,5,5.9,0,0,545
16:32:47.221,True,62,312,469,234,3.2,5,5.8,0,0,545
16:32:48.269,True,47,328,531,281,3.5,5,5.7,0,0,545
16:32:49.303,True,47,312,531,266,3.3,5.1,10.4,0,0,545
16:32:50.331,True,219,422,766,454,3.3,5,8.2,0,0,558
16:32:51.360,True,203,359,500,390,3.7,5,8.2,0,0,558
16:32:52.387,True,203,344,625,406,3.3,5,8.3,0,0,557
16:32:53.439,True,47,375,594,453,1.6,1.9,4.2,0,0,557
16:32:54.465,True,141,781,422,203,0,0.2,0.1,0,0,574
16:32:55.492,True,31,672,109,0,5.6,0.2,0.3,0,0,569
16:32:56.540,True,47,1047,391,78,0,0,0,0,0,661
16:32:57.574,True,62,672,266,16,6.9,2.8,3.8,0,0,660
16:32:58.601,True,31,234,641,422,3.7,4.9,4.7,0,0,661
16:32:59.631,True,0,312,453,328,3.6,5,4.9,0,0,661
16:33:00.656,True,0,266,422,312,3.5,5,4.9,0,0,660
16:33:01.692,True,16,297,422,359,3.8,5.1,4.9,0,0,660
16:33:02.735,True,31,234,375,281,2.8,5,5.4,0,0,661
16:33:03.776,True,31,297,375,328,3.1,5.1,6.9,0,0,661
16:33:04.802,True,31,297,531,516,3.7,5,5.8,0,0,655
16:33:05.828,True,16,281,344,219,3.3,5,5,0,0,650
16:33:06.853,True,47,281,266,266,3.6,5,4.6,0,0,650
16:33:07.878,True,16,312,219,203,3.2,5,4.6,0,0,649
16:33:08.902,True,16,281,234,204,3.4,5,4.8,0,0,649
16:33:09.928,True,16,312,281,219,3.5,5,5,0,0,649
16:33:10.952,True,0,328,266,266,3.4,5,5,0,0,649
16:33:11.984,True,0,281,266,141,3.6,5,5,0,0,650
16:33:13.021,True,16,312,266,312,3.2,5,5,0,0,649
16:33:14.047,True,31,203,203,109,3.5,5,5,0,0,649
16:33:15.071,True,62,172,281,172,3.6,5,4.9,0,0,649
16:33:16.098,True,47,219,172,125,3.4,5,5.2,0,0,649
16:33:17.132,True,31,156,188,78,3.5,5,5,0,0,649
16:33:18.173,True,78,125,156,62,3.3,5,5.2,0,0,649
16:33:19.208,True,16,172,109,94,3.3,5,5,0,0,649
16:33:20.243,True,31,156,94,219,3.5,5,5.4,0,0,648
16:33:21.285,True,62,94,156,62,3.6,5,5.4,0,0,649
16:33:22.312,True,31,125,156,94,3.8,5,5.2,0,0,649
16:33:23.341,True,94,188,172,109,3.6,5,4.8,0,0,649
16:33:24.382,True,47,125,109,125,3.5,5,4.9,0,0,648
16:33:25.408,True,16,47,94,47,3.6,5,5.2,0,0,649
16:33:26.451,True,62,94,141,31,3.4,5,6.7,0,0,649
16:33:27.479,True,62,109,94,78,3.4,5,5.1,0,0,649
16:33:28.506,True,47,94,47,219,3.5,5,4.9,0,0,649
16:33:29.550,True,16,94,62,141,3.7,5,4.8,0,0,649
16:33:30.580,True,31,94,16,31,3.9,5,4.7,0,0,649
16:33:31.613,True,31,47,47,31,4.1,5,7,0,0,650
16:33:32.643,True,125,172,188,469,2.9,5,8.7,0,0,667
16:33:33.691,True,62,156,328,125,2.9,4.4,8.7,0,0,668
16:33:34.731,True,172,266,609,203,3.1,4.9,6.4,0,0,668
16:33:35.758,True,16,62,281,0,3.6,4.9,5.2,0,0,668
16:33:36.804,True,78,94,188,16,4.1,5,5.3,0,0,668
16:33:37.842,True,78,78,203,172,3.5,5,7.1,0,0,668
16:33:38.868,True,141,172,328,78,3.4,5.1,9.7,0,0,668
16:33:39.895,True,94,625,469,141,3.7,5,8.5,0,0,668
16:33:40.930,True,47,406,438,125,2.9,4.8,8.2,0,0,667
16:33:41.968,True,203,547,547,266,3.7,5,11.9,0,0,668
16:33:42.994,True,156,547,438,407,3.5,5,9.2,0,0,666
16:33:44.024,True,47,547,562,359,4,5.2,8.8,0,0,665
16:33:45.069,True,141,406,547,281,1.2,2,7.4,0,0,664
16:33:46.099,True,141,438,422,453,0,0,0.1,0,0,665
16:33:47.128,True,62,0,266,141,0,0,4.1,0,0,665
16:33:48.151,True,156,94,156,0,0,0,4.7,0,0,664
16:33:49.177,True,172,172,141,0,0,0,0,0,0,664
16:33:50.201,True,0,0,125,0,0,0,0,0,0,663
16:33:51.238,True,0,0,16,47,0,0,0,0,0,663
16:33:52.265,True,47,0,62,16,0,0,0,0,0,662
16:33:53.294,True,47,0,0,16,0,0,0,0,0,662
16:33:54.326,True,31,0,31,16,0,0,0,0,0,648
16:33:55.355,True,16,0,47,188,0,0,0,0,0,648
16:33:56.379,True,62,0,16,0,0,0,0,0,0,648
16:33:57.404,True,31,0,62,0,0,0,0,0,0,648
16:33:58.434,True,16,0,31,16,0,0,0,0,0,648
16:33:59.465,True,47,0,16,16,0,0,0,0,0,648
16:34:00.489,True,0,0,16,0,0,0,0,0,0,648
16:34:01.532,True,0,0,31,0,0,0,0,0,0,648
16:34:02.571,True,16,0,31,0,0,0,0,0,0,648
16:34:03.602,True,62,0,62,0,0,0,0,0,0,648
16:34:04.625,True,0,0,16,0,0,0,0,0,0,648
16:34:05.651,True,47,0,31,0,0,0,0,0,0,648
16:34:06.688,True,16,0,0,0,0,0,0,0,0,648
16:34:07.715,True,0,0,0,0,0,0,0,0,0,648
16:34:08.740,True,0,0,31,0,0,0,0,0,0,648
16:34:09.777,True,0,0,0,0,0,0,0,0,0,648
16:34:10.800,True,0,0,0,0,0,0,0,0,0,648
16:34:11.832,True,16,0,47,0,0,0,0,0,0,648
16:34:12.862,True,16,0,31,0,0,0,0,0,0,648
16:34:13.889,True,16,0,16,0,0,0,0,0,0,648
16:34:14.922,True,62,0,0,16,0,0,0,0,0,648
16:34:15.951,True,16,0,0,0,0,0,0,0,0,648
16:34:16.974,True,62,0,47,0,0,0,0,0,0,648
16:34:17.999,True,109,0,78,16,0,0,0,0,0,648
16:34:19.024,True,16,0,78,0,0,0,0,0,0,648
16:34:20.050,True,31,0,31,0,0,0,0,0,0,631
16:34:21.076,True,0,0,16,0,0,0,0,0,0,631
16:34:22.103,True,16,0,16,0,0,0,0,0,0,631
16:34:23.137,True,16,0,31,0,0,0,0,0,0,631
16:34:24.166,True,62,0,0,0,0,0,0,0,0,631
16:34:25.189,True,0,0,0,0,0,0,0,0,0,631
16:34:26.213,True,16,0,0,0,0,0,0,0,0,631
16:34:27.237,True,16,0,31,31,0,0,0,0,0,631
16:34:28.262,True,16,0,47,0,0,0,0,0,0,631
16:34:29.297,True,0,0,0,0,0,0,0,0,0,631
16:34:30.321,True,31,0,0,0,0,0,0,0,0,631
16:34:31.348,True,31,0,0,0,0,0,0,0,0,631
16:34:32.386,True,16,0,0,0,0,0,0,0,0,631
16:34:33.414,True,16,0,47,0,0,0,0,0,0,631
16:34:34.436,True,16,0,0,0,0,0,0,0,0,631
16:34:35.459,True,47,0,0,0,0,0,0,0,0,631
16:34:36.481,True,31,0,0,16,0,0,0,0,0,631
16:34:37.505,True,16,0,0,16,0,0,0,0,0,631
16:34:38.540,True,16,0,0,0,0,0,0,0,0,631
16:34:39.563,True,16,31,16,0,0,0,0,0,0,631
16:34:40.587,True,0,0,0,0,0,0,0,0,0,631
16:34:41.625,True,0,0,0,0,0,0,0,0,0,631
16:34:42.648,True,16,0,0,16,0,0,0,0,0,631
16:34:43.691,True,62,0,0,0,0,0,0,0,0,631
16:34:44.716,True,0,0,16,0,0,0,0,0,0,631
16:34:45.747,True,47,0,16,0,0,0,0,0,0,631
16:34:46.771,True,16,0,0,0,0,0,0,0,0,631
16:34:47.798,True,0,0,16,0,0,0,0,0,0,631
16:34:48.819,True,47,16,31,32,0,0,0,0,0,631
16:34:49.842,True,62,16,0,0,0,0,0,0,0,631
16:34:50.869,True,16,0,16,0,0,0,0,0,0,631
16:34:51.900,True,16,0,31,0,0,0,0,0,0,631
16:34:52.930,True,16,0,31,0,0,0,0,0,0,631
16:34:53.956,True,31,0,31,0,0,0,0,0,0,631
16:34:54.981,True,31,0,47,0,0,0,0,0,0,631
16:34:56.005,True,47,16,31,0,0,0,0,0,0,631
16:34:57.028,True,47,0,16,0,0,0,0,0,0,631
16:34:58.051,True,16,0,16,0,0,0,0,0,0,631
16:34:59.072,True,16,0,0,0,0,0,0,0,0,631
16:35:00.095,True,47,0,31,0,0,0,0,0,0,631
16:35:01.126,True,16,0,47,16,0,0,0,0,0,631
16:35:02.156,True,0,16,47,0,0,0,0,0,0,631
16:35:03.181,True,31,31,16,0,0,0,0,0,0,631
16:35:04.204,True,16,0,0,0,0,0,0,0,0,631
16:35:05.225,True,47,0,47,0,0,0,0,0,0,631
16:35:06.249,True,0,0,31,0,0,0,0,0,0,631
16:35:07.271,True,16,0,16,0,0,0,0,0,0,631
16:35:08.295,True,31,0,31,0,0,0,0,0,0,631
16:35:09.334,True,16,0,31,16,0,0,0,0,0,631
16:35:10.358,True,47,0,0,0,0,0,0,0,0,631
16:35:11.384,True,16,0,16,0,0,0,0,0,0,631
16:35:12.408,True,0,0,31,0,0,0,0,0,0,631
16:35:13.432,True,16,0,16,0,0,0,0,0,0,631
16:35:14.468,True,31,0,0,0,0,0,0,0,0,631
16:35:15.494,True,0,0,31,0,0,0,0,0,0,631
16:35:16.525,True,16,0,0,0,0,0,0,0,0,631
16:35:17.561,True,31,0,62,16,0,0,0,0,0,631
16:35:18.585,True,16,0,47,0,0,0,0,0,0,631
16:35:19.608,True,47,0,0,32,0,0,0,0,0,631
16:35:20.631,True,31,0,0,0,0,0,0,0,0,631
16:35:21.654,True,16,0,16,0,0,0,0,0,0,631
16:35:22.678,True,0,0,16,0,0,0,0,0,0,631
16:35:23.715,True,16,0,47,31,0,0,0,0,0,631
16:35:24.753,True,31,0,16,16,0,0,0,0,0,631
16:35:25.780,True,16,0,0,0,0,0,0,0,0,631
16:35:26.802,True,16,0,0,0,0,0,0,0,0,631
16:35:27.826,True,16,0,0,0,0,0,0,0,0,631
16:35:28.847,True,31,0,0,16,0,0,0,0,0,631
16:35:29.870,True,16,0,16,0,0,0,0,0,0,631
16:35:30.892,True,47,0,0,0,0,0,0,0,0,631
16:35:31.914,True,31,0,16,0,0,0,0,0,0,631
16:35:32.937,True,0,0,16,0,0,0,0,0,0,631
16:35:33.968,True,16,0,16,344,0,0,0,0,0,631
16:35:35.000,True,16,0,0,0,0,0,0,0,0,631
16:35:36.031,True,16,0,0,0,0,0,0,0,0,631
16:35:37.056,True,16,0,0,0,0,0,0,0,0,631
16:35:38.087,True,31,0,16,0,0,0,0,0,0,631
16:35:39.109,True,0,0,0,0,0,0,0,0,0,631
16:35:40.133,True,0,0,0,0,0,0,0,0,0,631
16:35:41.154,True,0,0,0,0,0,0,0,0,0,631
16:35:42.191,True,16,0,0,0,0,0,0,0,0,631
16:35:43.213,True,16,0,0,0,0,0,0,0,0,631
16:35:44.238,True,47,0,0,0,0,0,0,0,0,631
16:35:45.270,True,31,0,0,31,0,0,0,0,0,631
16:35:46.292,True,0,0,0,0,0,0,0,0,0,631
16:35:47.317,True,16,0,0,0,0,0,0,0,0,631
16:35:48.347,True,16,0,0,16,0,0,0,0,0,631
16:35:49.369,True,16,0,31,0,0,0,0,0,0,631
16:35:50.391,True,31,0,0,16,0,0,0,0,0,631
16:35:51.416,True,47,0,0,0,0,0,0,0,0,631
16:35:52.439,True,0,0,62,0,0,0,0,0,0,631
16:35:53.461,True,16,0,16,0,0,0,0,0,0,631
16:35:54.486,True,0,0,0,0,0,0,0,0,0,631
16:35:55.528,True,31,0,47,0,0,0,0,0,0,631
16:35:56.560,True,0,0,16,16,0,0,0,0,0,631
16:35:57.583,True,31,0,16,0,0,0,0,0,0,631
16:35:58.620,True,16,0,31,0,0,0,0,0,0,631
16:35:59.645,True,0,0,16,0,0,0,0,0,0,631
16:36:00.674,True,16,0,31,16,0,0,0,0,0,631
16:36:01.695,True,16,0,47,0,0,0,0,0,0,631
16:36:02.717,True,62,0,47,0,0,0,0,0,0,631
16:36:03.740,True,31,0,31,16,0,0,0,0,0,631
16:36:04.763,True,0,0,31,0,0,0,0,0,0,631
16:36:05.786,True,0,0,16,16,0,0,0,0,0,631
16:36:06.812,True,0,0,16,0,0,0,0,0,0,631
16:36:07.837,True,0,0,31,0,0,0,0,0,0,631
16:36:08.868,True,16,0,16,16,0,0,0,0,0,631
16:36:09.891,True,31,0,31,16,0,0,0,0,0,631
16:36:10.921,True,0,0,16,0,0,0,0,0,0,631
16:36:11.943,True,0,0,31,16,0,0,0,0,0,631
16:36:12.979,True,16,0,16,0,0,0,0,0,0,631
16:36:14.001,True,31,0,16,0,0,0,0,0,0,631
16:36:15.023,True,0,0,16,0,0,0,0,0,0,631
16:36:16.047,True,31,0,16,0,0,0,0,0,0,631
16:36:17.072,True,0,0,16,0,0,0,0,0,0,631
16:36:18.110,True,16,0,16,0,0,0,0,0,0,631
16:36:19.135,True,31,0,0,0,0,0,0,0,0,631
16:36:20.174,True,16,0,0,16,0,0,0,0,0,631
16:36:21.197,True,16,0,16,0,0,0,0,0,0,631
16:36:22.221,True,16,0,0,32,0,0,0,0,0,631
16:36:23.245,True,31,0,62,0,0,0,0,0,0,631
16:36:24.269,True,16,0,0,0,0,0,0,0,0,631
16:36:25.291,True,16,0,16,0,0,0,0,0,0,631
16:36:26.319,True,0,0,0,0,0,0,0,0,0,631
16:36:27.341,True,0,0,0,0,0,0,0,0,0,631
16:36:28.363,True,16,0,16,0,0,0,0,0,0,631
16:36:29.386,True,16,0,0,0,0,0,0,0,0,631
16:36:30.412,True,0,0,0,0,0,0,0,0,0,631
16:36:31.436,True,16,0,0,16,0,0,0,0,0,631
16:36:32.461,True,16,0,0,0,0,0,0,0,0,631
16:36:33.484,True,16,0,0,0,0,0,0,0,0,631
16:36:34.515,True,16,0,0,16,0,0,0,0,0,631
16:36:35.549,True,16,0,0,0,0,0,0,0,0,631
16:36:36.571,True,47,0,0,0,0,0,0,0,0,631
16:36:37.594,True,0,0,0,0,0,0,0,0,0,631
16:36:38.619,True,16,0,0,16,0,0,0,0,0,631
16:36:39.650,True,31,0,0,0,0,0,0,0,0,631
16:36:40.674,True,0,0,0,0,0,0,0,0,0,631
16:36:41.700,True,31,0,0,0,0,0,0,0,0,631
16:36:42.730,True,16,0,0,0,0,0,0,0,0,631
16:36:43.751,True,16,0,0,0,0,0,0,0,0,631
16:36:44.775,True,16,0,0,0,0,0,0,0,0,631
16:36:45.798,True,16,0,0,0,0,0,0,0,0,631
16:36:46.820,True,31,0,0,0,0,0,0,0,0,631
16:36:47.847,True,47,0,0,0,0,0,0,0,0,631
16:36:48.883,True,31,0,0,16,0,0,0,0,0,631
16:36:49.909,True,16,0,0,0,0,0,0,0,0,631
16:36:50.938,True,0,0,0,0,0,0,0,0,0,631
16:36:51.963,True,0,0,0,31,0,0,0,0,0,631
16:36:52.986,True,62,0,0,0,0,0,0,0,0,631
16:36:54.017,True,0,0,0,0,0,0,0,0,0,631
16:36:55.041,True,16,0,0,16,0,0,0,0,0,631
16:36:56.061,True,0,0,31,0,0,0,0,0,0,631
16:36:57.095,True,16,0,0,0,0,0,0,0,0,631
16:36:58.120,True,62,0,16,0,0,0,0,0,0,631
16:36:59.149,True,31,0,16,0,0,0,0,0,0,631
16:37:00.178,True,16,0,0,0,0,0,0,0,0,631
16:37:01.203,True,16,0,16,0,0,0,0,0,0,631
16:37:02.231,True,16,0,16,16,0,0,0,0,0,631
16:37:03.263,True,0,0,0,0,0,0,0,0,0,631
16:37:04.291,True,0,0,0,0,0,0,0,0,0,631
16:37:05.321,True,16,0,0,0,0,0,0,0,0,631
16:37:06.349,True,16,0,16,0,0,0,0,0,0,631
16:37:07.374,True,0,0,0,0,0,0,0,0,0,631
16:37:08.400,True,16,0,62,0,0,0,0,0,0,631
16:37:09.424,True,31,0,62,0,0,0,0,0,0,631
16:37:10.451,True,31,0,31,16,0,0,0,0,0,631
16:37:11.479,True,16,0,31,0,0,0,0,0,0,631
16:37:12.520,True,16,0,47,16,0,0,0,0,0,631
16:37:13.553,True,16,0,16,16,0,0,0,0,0,631
16:37:14.584,True,0,0,16,0,0,0,0,0,0,631
16:37:15.606,True,0,0,47,0,0,0,0,0,0,631
16:37:16.643,True,16,0,62,0,0,0,0,0,0,631
16:37:17.672,True,47,0,47,0,0,0,0,0,0,631
16:37:18.695,True,16,0,16,0,0,0,0,0,0,631
16:37:19.727,True,16,0,31,0,0,0,0,0,0,631
16:37:20.752,True,16,0,47,0,0,0,0,0,0,631
16:37:21.774,True,0,0,47,16,0,0,0,0,0,631
16:37:22.799,True,16,0,31,0,0,0,0,0,0,631
16:37:23.819,True,16,0,16,47,0,0,1.3,0,0,631
16:37:24.844,True,16,47,47,0,0,0,0,0,0,631
16:37:25.868,True,31,0,62,0,0,0,0,0,0,631
16:37:26.889,True,16,0,16,0,0,0,0,0,0,631
16:37:27.913,True,47,16,47,0,0,0,0,0,0,631
16:37:28.945,True,0,0,16,0,0,0,0,0,0,631
16:37:29.969,True,47,0,47,47,0,0,0,0,0,631
16:37:30.991,True,16,0,16,0,0,0,0,0,0,631
16:37:32.014,True,31,0,0,0,0,0,0,0,0,631
16:37:33.037,True,47,0,0,0,0,0,0,0,0,631
